experience,gender,languageProficiency,age,type,collocation,firstGuess,time
less than one year,female,foreign language,18,camelCase,final step,true,1538
less than one year,female,foreign language,18,camelCase,bright star,true,716
less than one year,female,foreign language,18,kebab-case,silent wave,true,771
less than one year,female,foreign language,18,camelCase,green field,true,769
less than one year,female,foreign language,18,kebab-case,fast runner,true,667
less than one year,female,foreign language,18,camelCase,blue ocean,false,2115
less than one year,female,foreign language,18,kebab-case,swift arrow,true,532
less than one year,female,foreign language,18,camelCase,happy dream,true,334
less than one year,female,foreign language,18,kebab-case,mighty force,true,1604
less than one year,female,foreign language,18,camelCase,golden crown,true,667
less than one year,female,foreign language,18,kebab-case,shining star,true,712
less than one year,female,foreign language,18,camelCase,silver moon,true,507
less than one year,female,foreign language,18,kebab-case,broken chain,true,1229
less than one year,female,foreign language,18,camelCase,fiery flame,false,876
less than one year,female,foreign language,18,kebab-case,clear sky,true,358
less than one year,female,foreign language,18,kebab-case,final step,true,722
less than one year,female,foreign language,18,kebab-case,bright star,false,1115
less than one year,female,foreign language,18,camelCase,silent wave,true,699
less than one year,female,foreign language,18,kebab-case,green field,true,650
less than one year,female,foreign language,18,camelCase,fast runner,true,564
less than one year,female,foreign language,18,kebab-case,blue ocean,true,606
less than one year,female,foreign language,18,camelCase,swift arrow,true,585
less than one year,female,foreign language,18,kebab-case,happy dream,true,779
less than one year,female,foreign language,18,camelCase,mighty force,true,958
less than one year,female,foreign language,18,kebab-case,golden crown,true,513
less than one year,female,foreign language,18,camelCase,shining star,true,487
less than one year,female,foreign language,18,kebab-case,silver moon,true,729
less than one year,female,foreign language,18,camelCase,broken chain,true,659
less than one year,female,foreign language,18,kebab-case,fiery flame,true,464
less than one year,female,foreign language,18,camelCase,clear sky,true,398

more than three years,male,second language,19,camelCase,final step,true,2276
more than three years,male,second language,19,camelCase,bright star,true,1305
more than three years,male,second language,19,kebab-case,silent wave,true,1414
more than three years,male,second language,19,camelCase,green field,true,1147
more than three years,male,second language,19,kebab-case,fast runner,true,596
more than three years,male,second language,19,camelCase,blue ocean,true,1006
more than three years,male,second language,19,kebab-case,swift arrow,true,859
more than three years,male,second language,19,camelCase,happy dream,true,420
more than three years,male,second language,19,kebab-case,mighty force,true,1394
more than three years,male,second language,19,camelCase,golden crown,true,91
more than three years,male,second language,19,kebab-case,shining star,false,583
more than three years,male,second language,19,camelCase,silver moon,false,249
more than three years,male,second language,19,kebab-case,broken chain,true,97
more than three years,male,second language,19,camelCase,fiery flame,false,429
more than three years,male,second language,19,kebab-case,clear sky,false,220
more than three years,male,second language,19,kebab-case,final step,false,385
more than three years,male,second language,19,kebab-case,bright star,true,119
more than three years,male,second language,19,camelCase,silent wave,false,540
more than three years,male,second language,19,kebab-case,green field,false,274
more than three years,male,second language,19,camelCase,fast runner,false,443
more than three years,male,second language,19,kebab-case,blue ocean,true,131
more than three years,male,second language,19,camelCase,swift arrow,false,463
more than three years,male,second language,19,kebab-case,happy dream,true,217
more than three years,male,second language,19,camelCase,mighty force,false,575
more than three years,male,second language,19,kebab-case,golden crown,false,556
more than three years,male,second language,19,camelCase,shining star,true,494
more than three years,male,second language,19,kebab-case,silver moon,true,129
more than three years,male,second language,19,camelCase,broken chain,false,546
more than three years,male,second language,19,kebab-case,fiery flame,true,1130
more than three years,male,second language,19,camelCase,clear sky,false,360

one to three years,male,native speaker,21,camelCase,final step,true,2322
one to three years,male,native speaker,21,camelCase,bright star,true,2501
one to three years,male,native speaker,21,kebab-case,silent wave,true,1672
one to three years,male,native speaker,21,camelCase,green field,true,1572
one to three years,male,native speaker,21,kebab-case,fast runner,true,1352
one to three years,male,native speaker,21,camelCase,blue ocean,true,809
one to three years,male,native speaker,21,kebab-case,swift arrow,true,901
one to three years,male,native speaker,21,camelCase,happy dream,true,894
one to three years,male,native speaker,21,kebab-case,mighty force,false,3330
one to three years,male,native speaker,21,camelCase,golden crown,true,1643
one to three years,male,native speaker,21,kebab-case,shining star,true,1123
one to three years,male,native speaker,21,camelCase,silver moon,true,1448
one to three years,male,native speaker,21,kebab-case,broken chain,true,1292
one to three years,male,native speaker,21,camelCase,fiery flame,true,1164
one to three years,male,native speaker,21,kebab-case,clear sky,true,735
one to three years,male,native speaker,21,kebab-case,final step,true,702
one to three years,male,native speaker,21,kebab-case,bright star,true,964
one to three years,male,native speaker,21,camelCase,silent wave,false,1318
one to three years,male,native speaker,21,kebab-case,green field,true,1169
one to three years,male,native speaker,21,camelCase,fast runner,true,706
one to three years,male,native speaker,21,kebab-case,blue ocean,false,1147
one to three years,male,native speaker,21,camelCase,swift arrow,true,858
one to three years,male,native speaker,21,kebab-case,happy dream,true,808
one to three years,male,native speaker,21,camelCase,mighty force,true,1475
one to three years,male,native speaker,21,kebab-case,golden crown,true,868
one to three years,male,native speaker,21,camelCase,shining star,true,1088
one to three years,male,native speaker,21,kebab-case,silver moon,true,729
one to three years,male,native speaker,21,camelCase,broken chain,true,1400
one to three years,male,native speaker,21,kebab-case,fiery flame,true,877
one to three years,male,native speaker,21,camelCase,clear sky,true,603

less than one year,male,foreign language,18,camelCase,final step,true,1434
less than one year,male,foreign language,18,camelCase,bright star,true,2229
less than one year,male,foreign language,18,kebab-case,silent wave,true,1159
less than one year,male,foreign language,18,camelCase,green field,true,1357
less than one year,male,foreign language,18,kebab-case,fast runner,true,682
less than one year,male,foreign language,18,camelCase,blue ocean,true,1264
less than one year,male,foreign language,18,kebab-case,swift arrow,true,869
less than one year,male,foreign language,18,camelCase,happy dream,true,641
less than one year,male,foreign language,18,kebab-case,mighty force,true,1674
less than one year,male,foreign language,18,camelCase,golden crown,true,1075
less than one year,male,foreign language,18,kebab-case,shining star,true,815
less than one year,male,foreign language,18,camelCase,silver moon,true,925
less than one year,male,foreign language,18,kebab-case,broken chain,true,669
less than one year,male,foreign language,18,camelCase,fiery flame,true,1307
less than one year,male,foreign language,18,kebab-case,clear sky,true,663
less than one year,male,foreign language,18,kebab-case,final step,true,681
less than one year,male,foreign language,18,kebab-case,bright star,true,1036
less than one year,male,foreign language,18,camelCase,silent wave,true,1131
less than one year,male,foreign language,18,kebab-case,green field,true,1249
less than one year,male,foreign language,18,camelCase,fast runner,true,1380
less than one year,male,foreign language,18,kebab-case,blue ocean,true,960
less than one year,male,foreign language,18,camelCase,swift arrow,true,754
less than one year,male,foreign language,18,kebab-case,happy dream,true,719
less than one year,male,foreign language,18,camelCase,mighty force,true,1130
less than one year,male,foreign language,18,kebab-case,golden crown,true,685
less than one year,male,foreign language,18,camelCase,shining star,true,1062
less than one year,male,foreign language,18,kebab-case,silver moon,true,810
less than one year,male,foreign language,18,camelCase,broken chain,false,895
less than one year,male,foreign language,18,kebab-case,fiery flame,true,1046
less than one year,male,foreign language,18,camelCase,clear sky,true,644

more than three years,male,second language,39,camelCase,final step,false,1152
more than three years,male,second language,39,camelCase,bright star,true,1061
more than three years,male,second language,39,kebab-case,silent wave,true,607
more than three years,male,second language,39,camelCase,green field,true,892
more than three years,male,second language,39,kebab-case,fast runner,true,511
more than three years,male,second language,39,camelCase,blue ocean,true,666
more than three years,male,second language,39,kebab-case,swift arrow,true,851
more than three years,male,second language,39,camelCase,happy dream,true,424
more than three years,male,second language,39,kebab-case,mighty force,true,377
more than three years,male,second language,39,camelCase,golden crown,true,676
more than three years,male,second language,39,kebab-case,shining star,true,507
more than three years,male,second language,39,camelCase,silver moon,true,414
more than three years,male,second language,39,kebab-case,broken chain,true,463
more than three years,male,second language,39,camelCase,fiery flame,true,585
more than three years,male,second language,39,kebab-case,clear sky,true,379
more than three years,male,second language,39,kebab-case,final step,true,238
more than three years,male,second language,39,kebab-case,bright star,true,343
more than three years,male,second language,39,camelCase,silent wave,true,601
more than three years,male,second language,39,kebab-case,green field,true,712
more than three years,male,second language,39,camelCase,fast runner,true,459
more than three years,male,second language,39,kebab-case,blue ocean,true,308
more than three years,male,second language,39,camelCase,swift arrow,true,580
more than three years,male,second language,39,kebab-case,happy dream,true,523
more than three years,male,second language,39,camelCase,mighty force,true,471
more than three years,male,second language,39,kebab-case,golden crown,true,879
more than three years,male,second language,39,camelCase,shining star,true,604
more than three years,male,second language,39,kebab-case,silver moon,true,360
more than three years,male,second language,39,camelCase,broken chain,false,581
more than three years,male,second language,39,kebab-case,fiery flame,true,541
more than three years,male,second language,39,camelCase,clear sky,true,291

more than three years,male,foreign language,26,camelCase,final step,true,993
more than three years,male,foreign language,26,camelCase,bright star,true,963
more than three years,male,foreign language,26,kebab-case,silent wave,true,763
more than three years,male,foreign language,26,camelCase,green field,true,560
more than three years,male,foreign language,26,kebab-case,fast runner,true,322
more than three years,male,foreign language,26,camelCase,blue ocean,true,572
more than three years,male,foreign language,26,kebab-case,swift arrow,true,625
more than three years,male,foreign language,26,camelCase,happy dream,true,423
more than three years,male,foreign language,26,kebab-case,mighty force,true,554
more than three years,male,foreign language,26,camelCase,golden crown,true,522
more than three years,male,foreign language,26,kebab-case,shining star,true,510
more than three years,male,foreign language,26,camelCase,silver moon,true,479
more than three years,male,foreign language,26,kebab-case,broken chain,true,566
more than three years,male,foreign language,26,camelCase,fiery flame,true,568
more than three years,male,foreign language,26,kebab-case,clear sky,true,517
more than three years,male,foreign language,26,kebab-case,final step,true,445
more than three years,male,foreign language,26,kebab-case,bright star,false,850
more than three years,male,foreign language,26,camelCase,silent wave,true,508
more than three years,male,foreign language,26,kebab-case,green field,true,548
more than three years,male,foreign language,26,camelCase,fast runner,true,472
more than three years,male,foreign language,26,kebab-case,blue ocean,true,297
more than three years,male,foreign language,26,camelCase,swift arrow,true,362
more than three years,male,foreign language,26,kebab-case,happy dream,true,518
more than three years,male,foreign language,26,camelCase,mighty force,true,360
more than three years,male,foreign language,26,kebab-case,golden crown,true,617
more than three years,male,foreign language,26,camelCase,shining star,true,510
more than three years,male,foreign language,26,kebab-case,silver moon,true,360
more than three years,male,foreign language,26,camelCase,broken chain,true,439
more than three years,male,foreign language,26,kebab-case,fiery flame,true,525
more than three years,male,foreign language,26,camelCase,clear sky,true,409

more than three years,male,second language,21,camelCase,final step,false,1563
more than three years,male,second language,21,camelCase,bright star,true,998
more than three years,male,second language,21,kebab-case,silent wave,true,712
more than three years,male,second language,21,camelCase,green field,true,817
more than three years,male,second language,21,kebab-case,fast runner,true,765
more than three years,male,second language,21,camelCase,blue ocean,false,1768
more than three years,male,second language,21,kebab-case,swift arrow,true,650
more than three years,male,second language,21,camelCase,happy dream,true,715
more than three years,male,second language,21,kebab-case,mighty force,true,638
more than three years,male,second language,21,camelCase,golden crown,true,1221
more than three years,male,second language,21,kebab-case,shining star,true,1110
more than three years,male,second language,21,camelCase,silver moon,true,748
more than three years,male,second language,21,kebab-case,broken chain,true,1496
more than three years,male,second language,21,camelCase,fiery flame,true,1112
more than three years,male,second language,21,kebab-case,clear sky,true,823
more than three years,male,second language,21,kebab-case,final step,true,589
more than three years,male,second language,21,kebab-case,bright star,true,556
more than three years,male,second language,21,camelCase,silent wave,true,691
more than three years,male,second language,21,kebab-case,green field,true,861
more than three years,male,second language,21,camelCase,fast runner,true,628
more than three years,male,second language,21,kebab-case,blue ocean,true,1011
more than three years,male,second language,21,camelCase,swift arrow,true,1472
more than three years,male,second language,21,kebab-case,happy dream,true,697
more than three years,male,second language,21,camelCase,mighty force,true,1026
more than three years,male,second language,21,kebab-case,golden crown,false,1216
more than three years,male,second language,21,camelCase,shining star,true,938
more than three years,male,second language,21,kebab-case,silver moon,true,591
more than three years,male,second language,21,camelCase,broken chain,true,862
more than three years,male,second language,21,kebab-case,fiery flame,true,1049
more than three years,male,second language,21,camelCase,clear sky,true,756

one to three years,male,foreign language,20,camelCase,final step,true,1153
one to three years,male,foreign language,20,camelCase,bright star,true,739
one to three years,male,foreign language,20,kebab-case,silent wave,true,719
one to three years,male,foreign language,20,camelCase,green field,true,893
one to three years,male,foreign language,20,kebab-case,fast runner,true,669
one to three years,male,foreign language,20,camelCase,blue ocean,false,1076
one to three years,male,foreign language,20,kebab-case,swift arrow,true,473
one to three years,male,foreign language,20,camelCase,happy dream,true,515
one to three years,male,foreign language,20,kebab-case,mighty force,true,310
one to three years,male,foreign language,20,camelCase,golden crown,true,615
one to three years,male,foreign language,20,kebab-case,shining star,true,431
one to three years,male,foreign language,20,camelCase,silver moon,false,634
one to three years,male,foreign language,20,kebab-case,broken chain,true,530
one to three years,male,foreign language,20,camelCase,fiery flame,true,884
one to three years,male,foreign language,20,kebab-case,clear sky,true,358
one to three years,male,foreign language,20,kebab-case,final step,true,249
one to three years,male,foreign language,20,kebab-case,bright star,false,728
one to three years,male,foreign language,20,camelCase,silent wave,true,713
one to three years,male,foreign language,20,kebab-case,green field,false,648
one to three years,male,foreign language,20,camelCase,fast runner,true,542
one to three years,male,foreign language,20,kebab-case,blue ocean,true,495
one to three years,male,foreign language,20,camelCase,swift arrow,true,350
one to three years,male,foreign language,20,kebab-case,happy dream,true,308
one to three years,male,foreign language,20,camelCase,mighty force,true,429
one to three years,male,foreign language,20,kebab-case,golden crown,false,705
one to three years,male,foreign language,20,camelCase,shining star,false,1538
one to three years,male,foreign language,20,kebab-case,silver moon,true,375
one to three years,male,foreign language,20,camelCase,broken chain,true,506
one to three years,male,foreign language,20,kebab-case,fiery flame,true,633
one to three years,male,foreign language,20,camelCase,clear sky,true,424

one to three years,female,second language,24,camelCase,final step,true,2224
one to three years,female,second language,24,camelCase,bright star,true,1391
one to three years,female,second language,24,kebab-case,silent wave,true,851
one to three years,female,second language,24,camelCase,green field,true,1124
one to three years,female,second language,24,kebab-case,fast runner,true,895
one to three years,female,second language,24,camelCase,blue ocean,true,755
one to three years,female,second language,24,kebab-case,swift arrow,true,778
one to three years,female,second language,24,camelCase,happy dream,true,673
one to three years,female,second language,24,kebab-case,mighty force,true,849
one to three years,female,second language,24,camelCase,golden crown,true,917
one to three years,female,second language,24,kebab-case,shining star,true,782
one to three years,female,second language,24,camelCase,silver moon,true,471
one to three years,female,second language,24,kebab-case,broken chain,false,951
one to three years,female,second language,24,camelCase,fiery flame,true,915
one to three years,female,second language,24,kebab-case,clear sky,true,455
one to three years,female,second language,24,kebab-case,final step,true,651
one to three years,female,second language,24,kebab-case,bright star,true,636
one to three years,female,second language,24,camelCase,silent wave,false,1735
one to three years,female,second language,24,kebab-case,green field,true,961
one to three years,female,second language,24,camelCase,fast runner,true,630
one to three years,female,second language,24,kebab-case,blue ocean,true,413
one to three years,female,second language,24,camelCase,swift arrow,true,989
one to three years,female,second language,24,kebab-case,happy dream,true,583
one to three years,female,second language,24,camelCase,mighty force,true,700
one to three years,female,second language,24,kebab-case,golden crown,false,958
one to three years,female,second language,24,camelCase,shining star,true,883
one to three years,female,second language,24,kebab-case,silver moon,true,458
one to three years,female,second language,24,camelCase,broken chain,true,776
one to three years,female,second language,24,kebab-case,fiery flame,true,740
one to three years,female,second language,24,camelCase,clear sky,true,364

more than three years,female,native speaker,23,camelCase,final step,false,1116
more than three years,female,native speaker,23,camelCase,bright star,true,650
more than three years,female,native speaker,23,kebab-case,silent wave,true,551
more than three years,female,native speaker,23,camelCase,green field,true,423
more than three years,female,native speaker,23,kebab-case,fast runner,true,397
more than three years,female,native speaker,23,camelCase,blue ocean,true,580
more than three years,female,native speaker,23,kebab-case,swift arrow,true,352
more than three years,female,native speaker,23,camelCase,happy dream,true,411
more than three years,female,native speaker,23,kebab-case,mighty force,true,371
more than three years,female,native speaker,23,camelCase,golden crown,true,440
more than three years,female,native speaker,23,kebab-case,shining star,true,349
more than three years,female,native speaker,23,camelCase,silver moon,true,493
more than three years,female,native speaker,23,kebab-case,broken chain,true,444
more than three years,female,native speaker,23,camelCase,fiery flame,true,419
more than three years,female,native speaker,23,kebab-case,clear sky,true,253
more than three years,female,native speaker,23,kebab-case,final step,true,306
more than three years,female,native speaker,23,kebab-case,bright star,true,307
more than three years,female,native speaker,23,camelCase,silent wave,true,489
more than three years,female,native speaker,23,kebab-case,green field,true,656
more than three years,female,native speaker,23,camelCase,fast runner,true,372
more than three years,female,native speaker,23,kebab-case,blue ocean,true,431
more than three years,female,native speaker,23,camelCase,swift arrow,true,450
more than three years,female,native speaker,23,kebab-case,happy dream,true,323
more than three years,female,native speaker,23,camelCase,mighty force,true,302
more than three years,female,native speaker,23,kebab-case,golden crown,true,352
more than three years,female,native speaker,23,camelCase,shining star,true,415
more than three years,female,native speaker,23,kebab-case,silver moon,true,459
more than three years,female,native speaker,23,camelCase,broken chain,true,473
more than three years,female,native speaker,23,kebab-case,fiery flame,true,390
more than three years,female,native speaker,23,camelCase,clear sky,true,307

one to three years,male,second language,22,camelCase,final step,true,1284
one to three years,male,second language,22,camelCase,bright star,true,1045
one to three years,male,second language,22,kebab-case,silent wave,true,1015
one to three years,male,second language,22,camelCase,green field,true,827
one to three years,male,second language,22,kebab-case,fast runner,true,1170
one to three years,male,second language,22,camelCase,blue ocean,true,1035
one to three years,male,second language,22,kebab-case,swift arrow,true,930
one to three years,male,second language,22,camelCase,happy dream,true,489
one to three years,male,second language,22,kebab-case,mighty force,true,736
one to three years,male,second language,22,camelCase,golden crown,true,921
one to three years,male,second language,22,kebab-case,shining star,true,1097
one to three years,male,second language,22,camelCase,silver moon,true,650
one to three years,male,second language,22,kebab-case,broken chain,true,789
one to three years,male,second language,22,camelCase,fiery flame,true,1038
one to three years,male,second language,22,kebab-case,clear sky,true,626
one to three years,male,second language,22,kebab-case,final step,true,622
one to three years,male,second language,22,kebab-case,bright star,true,682
one to three years,male,second language,22,camelCase,silent wave,true,713
one to three years,male,second language,22,kebab-case,green field,true,667
one to three years,male,second language,22,camelCase,fast runner,false,941
one to three years,male,second language,22,kebab-case,blue ocean,true,547
one to three years,male,second language,22,camelCase,swift arrow,true,664
one to three years,male,second language,22,kebab-case,happy dream,true,606
one to three years,male,second language,22,camelCase,mighty force,true,590
one to three years,male,second language,22,kebab-case,golden crown,true,557
one to three years,male,second language,22,camelCase,shining star,false,1180
one to three years,male,second language,22,kebab-case,silver moon,true,655
one to three years,male,second language,22,camelCase,broken chain,true,695
one to three years,male,second language,22,kebab-case,fiery flame,true,1197
one to three years,male,second language,22,camelCase,clear sky,true,332

one to three years,female,foreign language,19,camelCase,final step,true,936
one to three years,female,foreign language,19,camelCase,bright star,false,703
one to three years,female,foreign language,19,kebab-case,silent wave,false,1239
one to three years,female,foreign language,19,camelCase,green field,true,993
one to three years,female,foreign language,19,kebab-case,fast runner,true,525
one to three years,female,foreign language,19,camelCase,blue ocean,true,472
one to three years,female,foreign language,19,kebab-case,swift arrow,true,684
one to three years,female,foreign language,19,camelCase,happy dream,true,660
one to three years,female,foreign language,19,kebab-case,mighty force,true,371
one to three years,female,foreign language,19,camelCase,golden crown,true,756
one to three years,female,foreign language,19,kebab-case,shining star,true,586
one to three years,female,foreign language,19,camelCase,silver moon,true,379
one to three years,female,foreign language,19,kebab-case,broken chain,true,659
one to three years,female,foreign language,19,camelCase,fiery flame,true,702
one to three years,female,foreign language,19,kebab-case,clear sky,true,557
one to three years,female,foreign language,19,kebab-case,final step,true,1540
one to three years,female,foreign language,19,kebab-case,bright star,false,1192
one to three years,female,foreign language,19,camelCase,silent wave,true,664
one to three years,female,foreign language,19,kebab-case,green field,true,626
one to three years,female,foreign language,19,camelCase,fast runner,true,850
one to three years,female,foreign language,19,kebab-case,blue ocean,true,527
one to three years,female,foreign language,19,camelCase,swift arrow,true,546
one to three years,female,foreign language,19,kebab-case,happy dream,true,497
one to three years,female,foreign language,19,camelCase,mighty force,false,1280
one to three years,female,foreign language,19,kebab-case,golden crown,false,1103
one to three years,female,foreign language,19,camelCase,shining star,true,561
one to three years,female,foreign language,19,kebab-case,silver moon,true,468
one to three years,female,foreign language,19,camelCase,broken chain,true,649
one to three years,female,foreign language,19,kebab-case,fiery flame,true,654
one to three years,female,foreign language,19,camelCase,clear sky,true,450

more than three years,male,native speaker,21,camelCase,final step,true,2093
more than three years,male,native speaker,21,camelCase,bright star,true,1253
more than three years,male,native speaker,21,kebab-case,silent wave,true,1729
more than three years,male,native speaker,21,camelCase,green field,true,868
more than three years,male,native speaker,21,kebab-case,fast runner,true,1798
more than three years,male,native speaker,21,camelCase,blue ocean,true,1141
more than three years,male,native speaker,21,kebab-case,swift arrow,true,509
more than three years,male,native speaker,21,camelCase,happy dream,true,428
more than three years,male,native speaker,21,kebab-case,mighty force,true,386
more than three years,male,native speaker,21,camelCase,golden crown,true,594
more than three years,male,native speaker,21,kebab-case,shining star,true,1228
more than three years,male,native speaker,21,camelCase,silver moon,false,994
more than three years,male,native speaker,21,kebab-case,broken chain,true,1007
more than three years,male,native speaker,21,camelCase,fiery flame,true,550
more than three years,male,native speaker,21,kebab-case,clear sky,true,453
more than three years,male,native speaker,21,kebab-case,final step,true,384
more than three years,male,native speaker,21,kebab-case,bright star,true,770
more than three years,male,native speaker,21,camelCase,silent wave,true,315
more than three years,male,native speaker,21,kebab-case,green field,true,714
more than three years,male,native speaker,21,camelCase,fast runner,true,354
more than three years,male,native speaker,21,kebab-case,blue ocean,true,410
more than three years,male,native speaker,21,camelCase,swift arrow,true,513
more than three years,male,native speaker,21,kebab-case,happy dream,true,351
more than three years,male,native speaker,21,camelCase,mighty force,true,553
more than three years,male,native speaker,21,kebab-case,golden crown,true,697
more than three years,male,native speaker,21,camelCase,shining star,true,641
more than three years,male,native speaker,21,kebab-case,silver moon,true,536
more than three years,male,native speaker,21,camelCase,broken chain,true,503
more than three years,male,native speaker,21,kebab-case,fiery flame,true,688
more than three years,male,native speaker,21,camelCase,clear sky,true,496

more than three years,female,second language,22,camelCase,final step,false,2106
more than three years,female,second language,22,camelCase,bright star,true,748
more than three years,female,second language,22,kebab-case,silent wave,true,720
more than three years,female,second language,22,camelCase,green field,true,797
more than three years,female,second language,22,kebab-case,fast runner,false,837
more than three years,female,second language,22,camelCase,blue ocean,true,685
more than three years,female,second language,22,kebab-case,swift arrow,true,798
more than three years,female,second language,22,camelCase,happy dream,true,352
more than three years,female,second language,22,kebab-case,mighty force,true,705
more than three years,female,second language,22,camelCase,golden crown,true,575
more than three years,female,second language,22,kebab-case,shining star,true,457
more than three years,female,second language,22,camelCase,silver moon,false,669
more than three years,female,second language,22,kebab-case,broken chain,true,555
more than three years,female,second language,22,camelCase,fiery flame,true,486
more than three years,female,second language,22,kebab-case,clear sky,true,427
more than three years,female,second language,22,kebab-case,final step,true,277
more than three years,female,second language,22,kebab-case,bright star,true,305
more than three years,female,second language,22,camelCase,silent wave,true,319
more than three years,female,second language,22,kebab-case,green field,true,737
more than three years,female,second language,22,camelCase,fast runner,true,335
more than three years,female,second language,22,kebab-case,blue ocean,true,300
more than three years,female,second language,22,camelCase,swift arrow,true,398
more than three years,female,second language,22,kebab-case,happy dream,true,339
more than three years,female,second language,22,camelCase,mighty force,true,265
more than three years,female,second language,22,kebab-case,golden crown,true,390
more than three years,female,second language,22,camelCase,shining star,true,346
more than three years,female,second language,22,kebab-case,silver moon,true,287
more than three years,female,second language,22,camelCase,broken chain,true,439
more than three years,female,second language,22,kebab-case,fiery flame,true,446
more than three years,female,second language,22,camelCase,clear sky,true,472

more than three years,male,native speaker,25,camelCase,final step,true,3649
more than three years,male,native speaker,25,camelCase,bright star,true,2529
more than three years,male,native speaker,25,kebab-case,silent wave,true,1424
more than three years,male,native speaker,25,camelCase,green field,true,1437
more than three years,male,native speaker,25,kebab-case,fast runner,true,1153
more than three years,male,native speaker,25,camelCase,blue ocean,true,1037
more than three years,male,native speaker,25,kebab-case,swift arrow,true,864
more than three years,male,native speaker,25,camelCase,happy dream,true,738
more than three years,male,native speaker,25,kebab-case,mighty force,true,957
more than three years,male,native speaker,25,camelCase,golden crown,true,1299
more than three years,male,native speaker,25,kebab-case,shining star,true,894
more than three years,male,native speaker,25,camelCase,silver moon,false,1895
more than three years,male,native speaker,25,kebab-case,broken chain,true,1234
more than three years,male,native speaker,25,camelCase,fiery flame,true,3888
more than three years,male,native speaker,25,kebab-case,clear sky,true,676
more than three years,male,native speaker,25,kebab-case,final step,true,566
more than three years,male,native speaker,25,kebab-case,bright star,false,1085
more than three years,male,native speaker,25,camelCase,silent wave,true,1475
more than three years,male,native speaker,25,kebab-case,green field,true,763
more than three years,male,native speaker,25,camelCase,fast runner,true,1154
more than three years,male,native speaker,25,kebab-case,blue ocean,false,1468
more than three years,male,native speaker,25,camelCase,swift arrow,true,1088
more than three years,male,native speaker,25,kebab-case,happy dream,true,694
more than three years,male,native speaker,25,camelCase,mighty force,true,1086
more than three years,male,native speaker,25,kebab-case,golden crown,true,923
more than three years,male,native speaker,25,camelCase,shining star,true,731
more than three years,male,native speaker,25,kebab-case,silver moon,true,709
more than three years,male,native speaker,25,camelCase,broken chain,true,765
more than three years,male,native speaker,25,kebab-case,fiery flame,true,1053
more than three years,male,native speaker,25,camelCase,clear sky,true,761

less than one year,female,native speaker,19,camelCase,final step,true,4878
less than one year,female,native speaker,19,camelCase,bright star,true,2562
less than one year,female,native speaker,19,kebab-case,silent wave,true,849
less than one year,female,native speaker,19,camelCase,green field,true,1305
less than one year,female,native speaker,19,kebab-case,fast runner,true,1770
less than one year,female,native speaker,19,camelCase,blue ocean,true,1430
less than one year,female,native speaker,19,kebab-case,swift arrow,true,787
less than one year,female,native speaker,19,camelCase,happy dream,true,1376
less than one year,female,native speaker,19,kebab-case,mighty force,true,987
less than one year,female,native speaker,19,camelCase,golden crown,true,631
less than one year,female,native speaker,19,kebab-case,shining star,true,643
less than one year,female,native speaker,19,camelCase,silver moon,true,573
less than one year,female,native speaker,19,kebab-case,broken chain,true,558
less than one year,female,native speaker,19,camelCase,fiery flame,true,716
less than one year,female,native speaker,19,kebab-case,clear sky,true,515
less than one year,female,native speaker,19,kebab-case,final step,true,1019
less than one year,female,native speaker,19,kebab-case,bright star,false,1296
less than one year,female,native speaker,19,camelCase,silent wave,true,1153
less than one year,female,native speaker,19,kebab-case,green field,true,1632
less than one year,female,native speaker,19,camelCase,fast runner,true,1339
less than one year,female,native speaker,19,kebab-case,blue ocean,true,1530
less than one year,female,native speaker,19,camelCase,swift arrow,true,582
less than one year,female,native speaker,19,kebab-case,happy dream,true,662
less than one year,female,native speaker,19,camelCase,mighty force,false,832
less than one year,female,native speaker,19,kebab-case,golden crown,true,1154
less than one year,female,native speaker,19,camelCase,shining star,true,1087
less than one year,female,native speaker,19,kebab-case,silver moon,true,717
less than one year,female,native speaker,19,camelCase,broken chain,true,642
less than one year,female,native speaker,19,kebab-case,fiery flame,true,752
less than one year,female,native speaker,19,camelCase,clear sky,true,564

more than three years,male,foreign language,21,camelCase,final step,false,1154
more than three years,male,foreign language,21,camelCase,bright star,false,1459
more than three years,male,foreign language,21,kebab-case,silent wave,true,826
more than three years,male,foreign language,21,camelCase,green field,true,845
more than three years,male,foreign language,21,kebab-case,fast runner,false,816
more than three years,male,foreign language,21,camelCase,blue ocean,true,681
more than three years,male,foreign language,21,kebab-case,swift arrow,true,521
more than three years,male,foreign language,21,camelCase,happy dream,true,392
more than three years,male,foreign language,21,kebab-case,mighty force,true,425
more than three years,male,foreign language,21,camelCase,golden crown,true,792
more than three years,male,foreign language,21,kebab-case,shining star,true,706
more than three years,male,foreign language,21,camelCase,silver moon,false,1002
more than three years,male,foreign language,21,kebab-case,broken chain,false,1222
more than three years,male,foreign language,21,camelCase,fiery flame,false,923
more than three years,male,foreign language,21,kebab-case,clear sky,true,388
more than three years,male,foreign language,21,kebab-case,final step,true,288
more than three years,male,foreign language,21,kebab-case,bright star,false,927
more than three years,male,foreign language,21,camelCase,silent wave,true,417
more than three years,male,foreign language,21,kebab-case,green field,false,806
more than three years,male,foreign language,21,camelCase,fast runner,true,558
more than three years,male,foreign language,21,kebab-case,blue ocean,true,292
more than three years,male,foreign language,21,camelCase,swift arrow,false,796
more than three years,male,foreign language,21,kebab-case,happy dream,true,559
more than three years,male,foreign language,21,camelCase,mighty force,true,368
more than three years,male,foreign language,21,kebab-case,golden crown,true,365
more than three years,male,foreign language,21,camelCase,shining star,true,570
more than three years,male,foreign language,21,kebab-case,silver moon,true,339
more than three years,male,foreign language,21,camelCase,broken chain,true,347
more than three years,male,foreign language,21,kebab-case,fiery flame,true,379
more than three years,male,foreign language,21,camelCase,clear sky,true,313

one to three years,male,foreign language,19,camelCase,final step,false,1154
one to three years,male,foreign language,19,camelCase,bright star,false,1459
one to three years,male,foreign language,19,kebab-case,silent wave,true,826
one to three years,male,foreign language,19,camelCase,green field,true,845
one to three years,male,foreign language,19,kebab-case,fast runner,false,816
one to three years,male,foreign language,19,camelCase,blue ocean,true,681
one to three years,male,foreign language,19,kebab-case,swift arrow,true,521
one to three years,male,foreign language,19,camelCase,happy dream,true,392
one to three years,male,foreign language,19,kebab-case,mighty force,true,425
one to three years,male,foreign language,19,camelCase,golden crown,true,792
one to three years,male,foreign language,19,kebab-case,shining star,true,706
one to three years,male,foreign language,19,camelCase,silver moon,false,1002
one to three years,male,foreign language,19,kebab-case,broken chain,false,1222
one to three years,male,foreign language,19,camelCase,fiery flame,false,923
one to three years,male,foreign language,19,kebab-case,clear sky,true,388
one to three years,male,foreign language,19,kebab-case,final step,true,288
one to three years,male,foreign language,19,kebab-case,bright star,false,927
one to three years,male,foreign language,19,camelCase,silent wave,true,417
one to three years,male,foreign language,19,kebab-case,green field,false,806
one to three years,male,foreign language,19,camelCase,fast runner,true,558
one to three years,male,foreign language,19,kebab-case,blue ocean,true,292
one to three years,male,foreign language,19,camelCase,swift arrow,false,796
one to three years,male,foreign language,19,kebab-case,happy dream,true,559
one to three years,male,foreign language,19,camelCase,mighty force,true,368
one to three years,male,foreign language,19,kebab-case,golden crown,true,365
one to three years,male,foreign language,19,camelCase,shining star,true,570
one to three years,male,foreign language,19,kebab-case,silver moon,true,339
one to three years,male,foreign language,19,camelCase,broken chain,true,347
one to three years,male,foreign language,19,kebab-case,fiery flame,true,379
one to three years,male,foreign language,19,camelCase,clear sky,true,313

more than three years,male,second language,23,camelCase,final step,false,1154
more than three years,male,second language,23,camelCase,bright star,false,1459
more than three years,male,second language,23,kebab-case,silent wave,true,826
more than three years,male,second language,23,camelCase,green field,true,845
more than three years,male,second language,23,kebab-case,fast runner,false,816
more than three years,male,second language,23,camelCase,blue ocean,true,681
more than three years,male,second language,23,kebab-case,swift arrow,true,521
more than three years,male,second language,23,camelCase,happy dream,true,392
more than three years,male,second language,23,kebab-case,mighty force,true,425
more than three years,male,second language,23,camelCase,golden crown,true,792
more than three years,male,second language,23,kebab-case,shining star,true,706
more than three years,male,second language,23,camelCase,silver moon,false,1002
more than three years,male,second language,23,kebab-case,broken chain,false,1222
more than three years,male,second language,23,camelCase,fiery flame,false,923
more than three years,male,second language,23,kebab-case,clear sky,true,388
more than three years,male,second language,23,kebab-case,final step,true,288
more than three years,male,second language,23,kebab-case,bright star,false,927
more than three years,male,second language,23,camelCase,silent wave,true,417
more than three years,male,second language,23,kebab-case,green field,false,806
more than three years,male,second language,23,camelCase,fast runner,true,558
more than three years,male,second language,23,kebab-case,blue ocean,true,292
more than three years,male,second language,23,camelCase,swift arrow,false,796
more than three years,male,second language,23,kebab-case,happy dream,true,559
more than three years,male,second language,23,camelCase,mighty force,true,368
more than three years,male,second language,23,kebab-case,golden crown,true,365
more than three years,male,second language,23,camelCase,shining star,true,570
more than three years,male,second language,23,kebab-case,silver moon,true,339
more than three years,male,second language,23,camelCase,broken chain,true,347
more than three years,male,second language,23,kebab-case,fiery flame,true,379
more than three years,male,second language,23,camelCase,clear sky,true,313

less than one year,female,foreign language,20,camelCase,final step,false,146
less than one year,female,foreign language,20,camelCase,bright star,true,129
less than one year,female,foreign language,20,kebab-case,silent wave,true,115
less than one year,female,foreign language,20,camelCase,green field,true,87
less than one year,female,foreign language,20,kebab-case,fast runner,true,77
less than one year,female,foreign language,20,camelCase,blue ocean,true,50
less than one year,female,foreign language,20,kebab-case,swift arrow,true,122
less than one year,female,foreign language,20,camelCase,happy dream,true,125
less than one year,female,foreign language,20,kebab-case,mighty force,true,132
less than one year,female,foreign language,20,camelCase,golden crown,false,155
less than one year,female,foreign language,20,kebab-case,shining star,true,112
less than one year,female,foreign language,20,camelCase,silver moon,false,183
less than one year,female,foreign language,20,kebab-case,broken chain,true,63
less than one year,female,foreign language,20,camelCase,fiery flame,false,123
less than one year,female,foreign language,20,kebab-case,clear sky,false,129
less than one year,female,foreign language,20,kebab-case,final step,false,116
less than one year,female,foreign language,20,kebab-case,bright star,false,208
less than one year,female,foreign language,20,camelCase,silent wave,true,64
less than one year,female,foreign language,20,kebab-case,green field,false,122
less than one year,female,foreign language,20,camelCase,fast runner,true,115
less than one year,female,foreign language,20,kebab-case,blue ocean,true,96
less than one year,female,foreign language,20,camelCase,swift arrow,true,102
less than one year,female,foreign language,20,kebab-case,happy dream,false,127
less than one year,female,foreign language,20,camelCase,mighty force,true,118
less than one year,female,foreign language,20,kebab-case,golden crown,true,125
less than one year,female,foreign language,20,camelCase,shining star,false,104
less than one year,female,foreign language,20,kebab-case,silver moon,false,144
less than one year,female,foreign language,20,camelCase,broken chain,true,87
less than one year,female,foreign language,20,kebab-case,fiery flame,true,120
less than one year,female,foreign language,20,camelCase,clear sky,true,89

